# Copyright (C) 1991-2013 Altera Corporation
# Your use of Altera Corporation's design tools, logic functions 
# and other software and tools, and its AMPP partner logic 
# functions, and any output files from any of the foregoing 
# (including device programming or simulation files), and any 
# associated documentation or information are expressly subject 
# to the terms and conditions of the Altera Program License 
# Subscription Agreement, Altera MegaCore Function License 
# Agreement, or other applicable license agreement, including, 
# without limitation, that your use is for the sole purpose of 
# programming logic devices manufactured by Altera and sold by 
# Altera or its authorized distributors.  Please refer to the 
# applicable agreement for further details.

# Quartus II 64-Bit Version 13.0.1 Build 232 06/12/2013 Service Pack 1 SJ Web Edition
# File: C:\Users\win7\Desktop\PROJETO INTEGRADOR (11.04) CORRIGIDO\output_files\PROJETO_INTEGRADOR_2.csv
# Generated on: Tue Apr 11 16:58:25 2017

# Note: The column header names should not be changed if you wish to import this .csv file into the Quartus II software.

To,Direction,Location,I/O Bank,VREF Group,I/O Standard,Reserved,Current Strength,Slew Rate,Differential Pair
CLOCK_50,Input,PIN_Y2,2,B2_N0,,,,,
ECHO,Input,PIN_AD15,4,B4_N2,,,,,
KEY,Input,PIN_M23,6,B6_N2,,,,,
LCD_BLON,Output,PIN_L6,1,B1_N2,,,,,
LCD_DATA[0],Output,PIN_L3,1,B1_N1,,,,,
LCD_DATA[1],Output,PIN_L1,1,B1_N2,,,,,
LCD_DATA[2],Output,PIN_L2,1,B1_N2,,,,,
LCD_DATA[3],Output,PIN_K7,1,B1_N1,,,,,
LCD_DATA[4],Output,PIN_K1,1,B1_N1,,,,,
LCD_DATA[5],Output,PIN_K2,1,B1_N1,,,,,
LCD_DATA[6],Output,PIN_M3,1,B1_N1,,,,,
LCD_DATA[7],Output,PIN_M5,1,B1_N2,,,,,
LCD_EN,Output,PIN_L4,1,B1_N1,,,,,
LCD_ON,Output,PIN_L5,1,B1_N1,,,,,
LCD_RS,Output,PIN_M2,1,B1_N2,,,,,
LCD_RW,Output,PIN_M1,1,B1_N2,,,,,
TRIGGER,Output,PIN_AE16,4,B4_N2,,,,,
buttonIn,Input,PIN_R24,5,B5_N0,,,,,
